Workbook

Sheet Données
B2: =TODAY() -> 46067 | D2: EXAMENS 2026 SESSION DE FEVRIER
B3: =NOW() -> 46067.327
C5: Cours | D5: Date Examen | E5: Jours restants | F5: Statut | G5: Niveau de Préparation(%) | H5: Révision | I5: Date FUTURE
C6: Etude de Tableur(Ecrit) | D6: 46064 | E6: =MAX(0,D6-TODAY()) -> 0 | F6: =IF(E6<=0,"Passé",IF(E6<=3,"URGENT",IF(E6<=7,"Proche","Pour Bientot"))) -> Passé | G6: =IF(H6="Pas commencé",0, IF(H6="En cours",0.5, IF(H6="Fait",1))) -> 1 | H6: Fait | I6: =IF(E6>0,D6,"Passé") -> Passé
C7: Ethique(Ecrit) | D7: 46066 | E7: =MAX(0,D7-TODAY()) -> 0 | F7: =IF(E7<=0,"Passé",IF(E7<=3,"URGENT",IF(E7<=7,"Proche","Pour Bientot"))) -> Passé | G7: =IF(H7="Pas commencé",0, IF(H7="En cours",0.5, IF(H7="Fait",1))) -> 1 | H7: Fait | I7: =IF(E7>0,D7,"Passé") -> Passé
C8: Recherche Opérationnelle(Ecrit) | D8: 46077 | E8: =MAX(0,D8-TODAY()) -> 10 | F8: =IF(E8<=0,"Passé",IF(E8<=3,"URGENT",IF(E8<=7,"Proche","Pour Bientot"))) -> Pour Bientot | G8: =IF(H8="Pas commencé",0, IF(H8="En cours",0.5, IF(H8="Fait",1))) -> 0.5 | H8: En cours | I8: =IF(E8>0,D8,"Passé") -> 46077
C9: M.A.I 2(Ecrit) | D9: 46071 | E9: =MAX(0,D9-TODAY()) -> 4 | F9: =IF(E9<=0,"Passé",IF(E9<=3,"URGENT",IF(E9<=7,"Proche","Pour Bientot"))) -> Proche | G9: =IF(H9="Pas commencé",0, IF(H9="En cours",0.5, IF(H9="Fait",1))) -> 0.5 | H9: En cours | I9: =IF(E9>0,D9,"Passé") -> 46071
C10: Séminaire(T.P) | D10: 46072 | E10: =MAX(0,D10-TODAY()) -> 5 | F10: =IF(E10<=0,"Passé",IF(E10<=3,"URGENT",IF(E10<=7,"Proche","Pour Bientot"))) -> Proche | G10: =IF(H10="Pas commencé",0, IF(H10="En cours",0.5, IF(H10="Fait",1))) -> 1 | H10: Fait | I10: =IF(E10>0,D10,"Passé") -> 46072
C11: Programmation 2(T.P PROJET) | D11: 46073 | E11: =MAX(0,D11-TODAY()) -> 6 | F11: =IF(E11<=0,"Passé",IF(E11<=3,"URGENT",IF(E11<=7,"Proche","Pour Bientot"))) -> Proche | G11: =IF(H11="Pas commencé",0, IF(H11="En cours",0.5, IF(H11="Fait",1))) -> 1 | H11: Fait | I11: =IF(E11>0,D11,"Passé") -> 46073
C12: Technique de banque des données(Ecrit) | D12: 46076 | E12: =MAX(0,D12-TODAY()) -> 9 | F12: =IF(E12<=0,"Passé",IF(E12<=3,"URGENT",IF(E12<=7,"Proche","Pour Bientot"))) -> Pour Bientot | G12: =IF(H12="Pas commencé",0, IF(H12="En cours",0.5, IF(H12="Fait",1))) -> 0 | H12: Pas commencé | I12: =IF(E12>0,D12,"Passé") -> 46076
I13: =IF(E13>0,D13,"")
I14: =IF(E14>0,D14,"")
I15: =IF(E15>0,D15,"")
C16: Estimation | I16: =IF(E16>0,D16,"")
C17: Cours | D17: Point obtenu | E17: Maximum | I17: =IF(E17>0,D17,"") -> Point obtenu
C18: Etude de Tableur | D18: 33 | E18: 40 | I18: =IF(E18>0,D18,"") -> 33
C19: Ethique | D19: 14 | E19: 20 | I19: =IF(E19>0,D19,"") -> 14
C20: M.A.I 2 | I20: =IF(E20>0,D20,"")
I21: =IF(E21>0,D21,"")
I22: =IF(E22>0,D22,"")
I23: =IF(E23>0,D23,"")
I24: =IF(E24>0,D24,"")
C25: Total | D25: =SUM(D18:D24) -> 47 | E25: =SUM(E18:E24) -> 60 | I25: =IF(E25>0,D25,"") -> 47
I26: =IF(E26>0,D26,"")
C27: Pourcentage - estimation | D27: =D25/E25 -> 0.78333333 | I27: =IF(E27>0,D27,"")
I28: =IF(E28>0,D28,"")
I29: =IF(E29>0,D29,"")
I30: =IF(E30>0,D30,"")
I31: =IF(E31>0,D31,"")
I32: =IF(E32>0,D32,"")
I33: =IF(E33>0,D33,"")
I34: =IF(E34>0,D34,"")
I35: =IF(E35>0,D35,"")
I36: =IF(E36>0,D36,"")
I37: =IF(E37>0,D37,"")
I38: =IF(E38>0,D38,"")
I39: =IF(E39>0,D39,"")
... I100: =IF(E100>0,D100,"")

Sheet Dashboard
B2: DASHBOARD DE PADITH POUR LES EXAMENS 2026 | H2: AVEC DIEU JE SUIS VICTORIEUSE, JE VAIS REUSSIR !
B5: Examens restants | C5: =COUNTIF(Données!E6:E12,">0") -> 5
B6: Jours Restants | C6: =MIN(Données!E6:E12) -> 0
B7: Prochain examen | C7: =MIN(Données!I6:I12) -> 46071
B8: Moyenne Préparation (%) | C8: =AVERAGE(Données!G6:G12) -> 0.71428571
B10: Alerte
B11: ="Il reste "&C6&" jours avant ton prochain examen" -> Il reste 0 jours avant ton prochain examen
B14: Proche | C14: =COUNTIF(Données!F6:F12,"Proche") -> 3
B15: Pour bientôt | C15: =COUNTIF(Données!F6:F12,"Pour Bientot") -> 2
B16: Passé | C16: =COUNTIF(Données!F6:F12,"Passé") -> 2
